Workbook

Sheet Sheet1
A1: ID | B1: Name | C1: Curve Number | D1: Abstraction Ratio | E1: Minimum Infiltration Rate (in/hr) | F1: ESA Code | G1: ESA Land Cover | H1: HSG Code | I1: HSG | J1: Effective HSG | K1: HEC Equivalent Class | L1: Mapping Confidence | M1: Min Infiltration (mm/hr) | N1: Mapping Note | O1: Parameter Basis
A2: 0 | B2: NoData | C2: 75 | D2: 0.1 | E2: 0.12 | F2: 0 | G2: NoData | H2: 0 | I2: NoData | J2: D | K2: HEC-RAS workshop NoData default | L2: High | M2: 3.048 | N2: Special default used in HEC-RAS training example | O2: HEC-RAS training example default for NoData
A3: 1 | B3: NoData : A | C3: 75 | D3: 0.1 | E3: 0.12 | F3: 0 | G3: NoData | H3: 1 | I3: A | J3: A | K3: HEC-RAS workshop NoData default | L3: High | M3: 3.048 | N3: Special default used in HEC-RAS training example | O3: HEC-RAS training example default for NoData
A4: 2 | B4: NoData : B | C4: 75 | D4: 0.1 | E4: 0.12 | F4: 0 | G4: NoData | H4: 2 | I4: B | J4: B | K4: HEC-RAS workshop NoData default | L4: High | M4: 3.048 | N4: Special default used in HEC-RAS training example | O4: HEC-RAS training example default for NoData
A5: 3 | B5: NoData : C | C5: 75 | D5: 0.1 | E5: 0.12 | F5: 0 | G5: NoData | H5: 3 | I5: C | J5: C | K5: HEC-RAS workshop NoData default | L5: High | M5: 3.048 | N5: Special default used in HEC-RAS training example | O5: HEC-RAS training example default for NoData
A6: 4 | B6: NoData : D | C6: 75 | D6: 0.1 | E6: 0.12 | F6: 0 | G6: NoData | H6: 4 | I6: D | J6: D | K6: HEC-RAS workshop NoData default | L6: High | M6: 3.048 | N6: Special default used in HEC-RAS training example | O6: HEC-RAS training example default for NoData
A7: 5 | B7: NoData : A/D | C7: 75 | D7: 0.1 | E7: 0.12 | F7: 0 | G7: NoData | H7: 14 | I7: A/D | J7: D | K7: HEC-RAS workshop NoData default | L7: High | M7: 3.048 | N7: Special default used in HEC-RAS training example | O7: HEC-RAS training example default for NoData
A8: 6 | B8: NoData : B/D | C8: 75 | D8: 0.1 | E8: 0.12 | F8: 0 | G8: NoData | H8: 24 | I8: B/D | J8: D | K8: HEC-RAS workshop NoData default | L8: High | M8: 3.048 | N8: Special default used in HEC-RAS training example | O8: HEC-RAS training example default for NoData
A9: 7 | B9: NoData : C/D | C9: 75 | D9: 0.1 | E9: 0.12 | F9: 0 | G9: NoData | H9: 34 | I9: C/D | J9: D | K9: HEC-RAS workshop NoData default | L9: High | M9: 3.048 | N9: Special default used in HEC-RAS training example | O9: HEC-RAS training example default for NoData
A10: 8 | B10: Tree Cover : NoData | C10: 79 | D10: 0.2 | E10: 0 | F10: 10 | G10: Tree Cover | H10: 0 | I10: NoData | J10: D | K10: Mixed Forest | L10: Medium | M10: 0 | N10: ESA tree cover does not distinguish deciduous/evergreen; Mixed Forest used as neutral proxy | O10: CN from official HEC lookup; r=0.20 baseline; minimum rate = lower HSG bound
A11: 9 | B11: Tree Cover : A | C11: 36 | D11: 0.2 | E11: 0.3 | F11: 10 | G11: Tree Cover | H11: 1 | I11: A | J11: A | K11: Mixed Forest | L11: Medium | M11: 7.62 | N11: ESA tree cover does not distinguish deciduous/evergreen; Mixed Forest used as neutral proxy | O11: CN from official HEC lookup; r=0.20 baseline; minimum rate = lower HSG bound
A12: 10 | B12: Tree Cover : B | C12: 60 | D12: 0.2 | E12: 0.15 | F12: 10 | G12: Tree Cover | H12: 2 | I12: B | J12: B | K12: Mixed Forest | L12: Medium | M12: 3.81 | N12: ESA tree cover does not distinguish deciduous/evergreen; Mixed Forest used as neutral proxy | O12: CN from official HEC lookup; r=0.20 baseline; minimum rate = lower HSG bound
A13: 11 | B13: Tree Cover : C | C13: 73 | D13: 0.2 | E13: 0.05 | F13: 10 | G13: Tree Cover | H13: 3 | I13: C | J13: C | K13: Mixed Forest | L13: Medium | M13: 1.27 | N13: ESA tree cover does not distinguish deciduous/evergreen; Mixed Forest used as neutral proxy | O13: CN from official HEC lookup; r=0.20 baseline; minimum rate = lower HSG bound
... A97: 95 | B97: Moss and Lichen : C/D | C97: 84 | D97: 0.2 | E97: 0 | F97: 100 | G97: Moss and Lichen | H97: 34 | I97: C/D | J97: D | K97: Grassland/Herbaceous | L97: Low | M97: 0 | N97: Proxy only; HEC CN table has no direct moss/lichen class | O97: CN from official HEC lookup; r=0.20 baseline; minimum rate = lower HSG bound

Sheet Sheet2
A1: NoData | B1: =_xlfn.XLOOKUP(A1, Sheet1!B:B, Sheet1!C:C) -> 75 | C1: =_xlfn.XLOOKUP(A1, Sheet1!B:B, Sheet1!D:D) -> 0.1 | D1: =_xlfn.XLOOKUP(A1, Sheet1!B:B, Sheet1!E:E) -> 0.12
A2: NoData : C | B2: =_xlfn.XLOOKUP(A2, Sheet1!B:B, Sheet1!C:C) -> 75 | C2: =_xlfn.XLOOKUP(A2, Sheet1!B:B, Sheet1!D:D) -> 0.1 | D2: =_xlfn.XLOOKUP(A2, Sheet1!B:B, Sheet1!E:E) -> 0.12
A3: NoData : D | B3: =_xlfn.XLOOKUP(A3, Sheet1!B:B, Sheet1!C:C) -> 75 | C3: =_xlfn.XLOOKUP(A3, Sheet1!B:B, Sheet1!D:D) -> 0.1 | D3: =_xlfn.XLOOKUP(A3, Sheet1!B:B, Sheet1!E:E) -> 0.12
A4: NoData : B | B4: =_xlfn.XLOOKUP(A4, Sheet1!B:B, Sheet1!C:C) -> 75 | C4: =_xlfn.XLOOKUP(A4, Sheet1!B:B, Sheet1!D:D) -> 0.1 | D4: =_xlfn.XLOOKUP(A4, Sheet1!B:B, Sheet1!E:E) -> 0.12
A5: Bare Vegetation : NoData | B5: =_xlfn.XLOOKUP(A5, Sheet1!B:B, Sheet1!C:C) -> 93 | C5: =_xlfn.XLOOKUP(A5, Sheet1!B:B, Sheet1!D:D) -> 0.2 | D5: =_xlfn.XLOOKUP(A5, Sheet1!B:B, Sheet1!E:E) -> 0
A6: Bare Vegetation : C | B6: =_xlfn.XLOOKUP(A6, Sheet1!B:B, Sheet1!C:C) -> 91 | C6: =_xlfn.XLOOKUP(A6, Sheet1!B:B, Sheet1!D:D) -> 0.2 | D6: =_xlfn.XLOOKUP(A6, Sheet1!B:B, Sheet1!E:E) -> 0.05
A7: Bare Vegetation : D | B7: =_xlfn.XLOOKUP(A7, Sheet1!B:B, Sheet1!C:C) -> 93 | C7: =_xlfn.XLOOKUP(A7, Sheet1!B:B, Sheet1!D:D) -> 0.2 | D7: =_xlfn.XLOOKUP(A7, Sheet1!B:B, Sheet1!E:E) -> 0
A8: Bare Vegetation : B | B8: =_xlfn.XLOOKUP(A8, Sheet1!B:B, Sheet1!C:C) -> 86 | C8: =_xlfn.XLOOKUP(A8, Sheet1!B:B, Sheet1!D:D) -> 0.2 | D8: =_xlfn.XLOOKUP(A8, Sheet1!B:B, Sheet1!E:E) -> 0.15
A9: Tree Cover : NoData | B9: =_xlfn.XLOOKUP(A9, Sheet1!B:B, Sheet1!C:C) -> 79 | C9: =_xlfn.XLOOKUP(A9, Sheet1!B:B, Sheet1!D:D) -> 0.2 | D9: =_xlfn.XLOOKUP(A9, Sheet1!B:B, Sheet1!E:E) -> 0
A10: Tree Cover : C | B10: =_xlfn.XLOOKUP(A10, Sheet1!B:B, Sheet1!C:C) -> 73 | C10: =_xlfn.XLOOKUP(A10, Sheet1!B:B, Sheet1!D:D) -> 0.2 | D10: =_xlfn.XLOOKUP(A10, Sheet1!B:B, Sheet1!E:E) -> 0.05
A11: Tree Cover : D | B11: =_xlfn.XLOOKUP(A11, Sheet1!B:B, Sheet1!C:C) -> 79 | C11: =_xlfn.XLOOKUP(A11, Sheet1!B:B, Sheet1!D:D) -> 0.2 | D11: =_xlfn.XLOOKUP(A11, Sheet1!B:B, Sheet1!E:E) -> 0
A12: Tree Cover : B | B12: =_xlfn.XLOOKUP(A12, Sheet1!B:B, Sheet1!C:C) -> 60 | C12: =_xlfn.XLOOKUP(A12, Sheet1!B:B, Sheet1!D:D) -> 0.2 | D12: =_xlfn.XLOOKUP(A12, Sheet1!B:B, Sheet1!E:E) -> 0.15
... A32: Snow and Ice : B | B32: =_xlfn.XLOOKUP(A32, Sheet1!B:B, Sheet1!C:C) -> 98 | C32: =_xlfn.XLOOKUP(A32, Sheet1!B:B, Sheet1!D:D) -> 0.2 | D32: =_xlfn.XLOOKUP(A32, Sheet1!B:B, Sheet1!E:E) -> 0.15
